date,nav,currency,source
2019-01-30,9.9995,USD,anuefund_public
2019-01-31,10.001,USD,anuefund_public
2019-02-01,9.9992,USD,anuefund_public
2019-02-11,9.9892,USD,anuefund_public
2019-02-12,9.994,USD,anuefund_public
2019-02-13,9.9962,USD,anuefund_public
2019-02-14,10.0059,USD,anuefund_public
2019-02-15,10.0253,USD,anuefund_public
2019-02-18,10.0253,USD,anuefund_public
2019-02-19,10.0278,USD,anuefund_public
2019-02-20,10.0504,USD,anuefund_public
2019-02-21,10.0445,USD,anuefund_public
2019-02-22,10.0852,USD,anuefund_public
2019-02-23,10.0852,USD,anuefund_public
2019-02-25,10.0983,USD,anuefund_public
2019-02-26,10.0652,USD,anuefund_public
2019-02-27,10.0731,USD,anuefund_public
2019-03-04,10.0435,USD,anuefund_public
2019-03-05,10.0174,USD,anuefund_public
2019-03-06,9.9743,USD,anuefund_public
2019-03-07,9.9446,USD,anuefund_public
2019-03-08,9.9179,USD,anuefund_public
2019-03-11,9.9827,USD,anuefund_public
2019-03-12,9.997,USD,anuefund_public
2019-03-13,10.006,USD,anuefund_public
2019-03-14,10.0078,USD,anuefund_public
2019-03-15,10.0504,USD,anuefund_public
2019-03-18,10.0495,USD,anuefund_public
2019-03-19,10.0699,USD,anuefund_public
2019-03-20,10.0408,USD,anuefund_public
2019-03-21,10.1052,USD,anuefund_public
2019-03-22,9.9784,USD,anuefund_public
2019-03-25,9.9551,USD,anuefund_public
2019-03-26,9.9842,USD,anuefund_public
2019-03-27,9.936,USD,anuefund_public
2019-03-28,9.9427,USD,anuefund_public
2019-03-29,9.982,USD,anuefund_public
2019-04-01,10.0152,USD,anuefund_public
2019-04-02,10.0205,USD,anuefund_public
2019-04-03,10.0639,USD,anuefund_public
2019-04-08,10.0853,USD,anuefund_public
2019-04-09,10.0856,USD,anuefund_public
2019-04-10,10.126,USD,anuefund_public
2019-04-11,10.1131,USD,anuefund_public
2019-04-12,10.153,USD,anuefund_public
2019-04-15,10.1541,USD,anuefund_public
2019-04-16,10.1906,USD,anuefund_public
2019-04-17,10.1585,USD,anuefund_public
2019-04-18,10.1611,USD,anuefund_public
2019-04-19,10.1684,USD,anuefund_public
2019-04-22,10.197,USD,anuefund_public
2019-04-23,10.2768,USD,anuefund_public
2019-04-24,10.2883,USD,anuefund_public
2019-04-25,10.1718,USD,anuefund_public
2019-04-26,10.1865,USD,anuefund_public
2019-04-29,10.1963,USD,anuefund_public
2019-04-30,10.1554,USD,anuefund_public
2019-05-02,10.1306,USD,anuefund_public
2019-05-03,10.1963,USD,anuefund_public
2019-05-06,10.1163,USD,anuefund_public
2019-05-07,10.0089,USD,anuefund_public
2019-05-08,9.9857,USD,anuefund_public
2019-05-09,9.9279,USD,anuefund_public
2019-05-10,9.9476,USD,anuefund_public
2019-05-13,9.7073,USD,anuefund_public
2019-05-14,9.7775,USD,anuefund_public
2019-05-15,9.8274,USD,anuefund_public
2019-05-16,9.81,USD,anuefund_public
2019-05-17,9.6952,USD,anuefund_public
2019-05-20,9.5652,USD,anuefund_public
2019-05-21,9.6199,USD,anuefund_public
2019-05-22,9.5922,USD,anuefund_public
2019-05-23,9.4744,USD,anuefund_public
2019-05-24,9.4903,USD,anuefund_public
2019-05-27,9.4903,USD,anuefund_public
2019-05-28,9.4925,USD,anuefund_public
2019-05-29,9.4147,USD,anuefund_public
2019-05-30,9.4663,USD,anuefund_public
2019-05-31,9.4102,USD,anuefund_public
2019-06-03,9.3482,USD,anuefund_public
2019-06-04,9.4757,USD,anuefund_public
2019-06-05,9.5041,USD,anuefund_public
2019-06-06,9.5339,USD,anuefund_public
2019-06-10,9.7061,USD,anuefund_public
2019-06-11,9.7224,USD,anuefund_public
2019-06-12,9.7096,USD,anuefund_public
2019-06-13,9.7208,USD,anuefund_public
2019-06-14,9.6642,USD,anuefund_public
2019-06-17,9.6831,USD,anuefund_public
2019-06-18,9.7984,USD,anuefund_public
2019-06-19,9.8783,USD,anuefund_public
2019-06-20,9.9539,USD,anuefund_public
2019-06-21,9.8794,USD,anuefund_public
2019-06-24,9.8533,USD,anuefund_public
2019-06-25,9.7738,USD,anuefund_public
2019-06-26,9.8085,USD,anuefund_public
2019-06-27,9.9049,USD,anuefund_public
2019-06-28,9.9451,USD,anuefund_public
2019-07-01,10.0521,USD,anuefund_public
2019-07-02,10.0275,USD,anuefund_public
2019-07-03,10.0435,USD,anuefund_public
2019-07-04,10.0435,USD,anuefund_public
2019-07-05,10.0414,USD,anuefund_public
2019-07-08,9.9726,USD,anuefund_public
2019-07-09,10.0307,USD,anuefund_public
2019-07-10,10.0629,USD,anuefund_public
2019-07-11,10.0784,USD,anuefund_public
2019-07-12,10.1241,USD,anuefund_public
2019-07-15,10.151,USD,anuefund_public
2019-07-16,10.1284,USD,anuefund_public
2019-07-17,10.1302,USD,anuefund_public
2019-07-18,10.091,USD,anuefund_public
2019-07-19,10.076,USD,anuefund_public
2019-07-22,10.1277,USD,anuefund_public
2019-07-23,10.1752,USD,anuefund_public
2019-07-24,10.3313,USD,anuefund_public
2019-07-25,10.2875,USD,anuefund_public
2019-07-26,10.2796,USD,anuefund_public
2019-07-29,10.2502,USD,anuefund_public
2019-07-30,10.2509,USD,anuefund_public
2019-07-31,10.1408,USD,anuefund_public
2019-08-01,10.0894,USD,anuefund_public
2019-08-02,9.8886,USD,anuefund_public
2019-08-05,9.6366,USD,anuefund_public
2019-08-06,9.7272,USD,anuefund_public
2019-08-07,9.7668,USD,anuefund_public
2019-08-08,9.9872,USD,anuefund_public
2019-08-12,9.8571,USD,anuefund_public
2019-08-13,9.9588,USD,anuefund_public
2019-08-14,9.7997,USD,anuefund_public
2019-08-15,9.766,USD,anuefund_public
2019-08-16,9.8679,USD,anuefund_public
2019-08-19,9.9537,USD,anuefund_public
2019-08-20,9.9466,USD,anuefund_public
2019-08-21,10.0351,USD,anuefund_public
2019-08-22,10.0239,USD,anuefund_public
2019-08-23,9.8417,USD,anuefund_public
2019-08-26,9.8296,USD,anuefund_public
2019-08-27,9.8279,USD,anuefund_public
2019-08-28,9.8262,USD,anuefund_public
2019-08-29,9.951,USD,anuefund_public
2019-08-30,9.9714,USD,anuefund_public
2019-09-02,9.9714,USD,anuefund_public
2019-09-03,9.9104,USD,anuefund_public
2019-09-04,10.0215,USD,anuefund_public
2019-09-05,10.1246,USD,anuefund_public
2019-09-06,10.1015,USD,anuefund_public
2019-09-09,10.0089,USD,anuefund_public
2019-09-10,9.9791,USD,anuefund_public
2019-09-11,10.0882,USD,anuefund_public
2019-09-12,10.1353,USD,anuefund_public
2019-09-16,10.1024,USD,anuefund_public
2019-09-17,10.1522,USD,anuefund_public
2019-09-18,10.1501,USD,anuefund_public
2019-09-19,10.1733,USD,anuefund_public
2019-09-20,10.1779,USD,anuefund_public
2019-09-23,10.1807,USD,anuefund_public
2019-09-24,10.0532,USD,anuefund_public
2019-09-25,10.0912,USD,anuefund_public
2019-09-26,10.067,USD,anuefund_public
2019-09-27,9.9504,USD,anuefund_public
2019-10-01,9.9172,USD,anuefund_public
2019-10-02,9.8358,USD,anuefund_public
2019-10-03,9.9266,USD,anuefund_public
2019-10-04,10.0201,USD,anuefund_public
2019-10-05,10.0201,USD,anuefund_public
2019-10-07,10.016,USD,anuefund_public
2019-10-08,9.8849,USD,anuefund_public
2019-10-09,9.9649,USD,anuefund_public
2019-10-14,10.1228,USD,anuefund_public
2019-10-15,10.1905,USD,anuefund_public
2019-10-16,10.1359,USD,anuefund_public
2019-10-17,10.1847,USD,anuefund_public
2019-10-18,10.1464,USD,anuefund_public
2019-10-21,10.1824,USD,anuefund_public
2019-10-22,10.1527,USD,anuefund_public
2019-10-23,10.1377,USD,anuefund_public
2019-10-24,10.1506,USD,anuefund_public
2019-10-25,10.1452,USD,anuefund_public
2019-10-28,10.2557,USD,anuefund_public
2019-10-29,10.218,USD,anuefund_public
2019-10-30,10.2909,USD,anuefund_public
2019-10-31,10.2917,USD,anuefund_public
2019-11-01,10.364,USD,anuefund_public
2019-11-04,10.4015,USD,anuefund_public
2019-11-05,10.4411,USD,anuefund_public
2019-11-06,10.3807,USD,anuefund_public
2019-11-07,10.3858,USD,anuefund_public
2019-11-08,10.4668,USD,anuefund_public
2019-11-11,10.4347,USD,anuefund_public
2019-11-12,10.4697,USD,anuefund_public
2019-11-13,10.4991,USD,anuefund_public
2019-11-14,10.4782,USD,anuefund_public
2019-11-15,10.5343,USD,anuefund_public
2019-11-18,10.5433,USD,anuefund_public
2019-11-19,10.5531,USD,anuefund_public
2019-11-20,10.4796,USD,anuefund_public
2019-11-21,10.401,USD,anuefund_public
2019-11-22,10.41,USD,anuefund_public
2019-11-25,10.5428,USD,anuefund_public
2019-11-26,10.5957,USD,anuefund_public
2019-11-27,10.698,USD,anuefund_public
2019-11-28,10.698,USD,anuefund_public
2019-11-29,10.6063,USD,anuefund_public
2019-12-02,10.5341,USD,anuefund_public
2019-12-03,10.5346,USD,anuefund_public
2019-12-04,10.5725,USD,anuefund_public
2019-12-05,10.5769,USD,anuefund_public
2019-12-06,10.6437,USD,anuefund_public
2019-12-09,10.636,USD,anuefund_public
2019-12-10,10.6339,USD,anuefund_public
2019-12-11,10.7023,USD,anuefund_public
2019-12-12,10.8477,USD,anuefund_public
2019-12-13,10.8613,USD,anuefund_public
2019-12-16,10.9407,USD,anuefund_public
2019-12-17,10.9777,USD,anuefund_public
2019-12-18,10.9555,USD,anuefund_public
2019-12-19,10.972,USD,anuefund_public
2019-12-20,10.9655,USD,anuefund_public
2019-12-23,10.9757,USD,anuefund_public
2019-12-24,10.9948,USD,anuefund_public
2019-12-25,10.9948,USD,anuefund_public
2019-12-26,11.0662,USD,anuefund_public
2019-12-27,11.0559,USD,anuefund_public
2019-12-30,11.0452,USD,anuefund_public
2019-12-31,11.0536,USD,anuefund_public
2020-01-02,11.2381,USD,anuefund_public
2020-01-03,11.1657,USD,anuefund_public
2020-01-06,11.0708,USD,anuefund_public
2020-01-07,11.0557,USD,anuefund_public
2020-01-08,11.0229,USD,anuefund_public
2020-01-09,11.1325,USD,anuefund_public
2020-01-10,11.123,USD,anuefund_public
2020-01-13,11.2385,USD,anuefund_public
2020-01-14,11.2538,USD,anuefund_public
2020-01-15,11.1897,USD,anuefund_public
2020-01-16,11.3106,USD,anuefund_public
2020-01-17,11.3152,USD,anuefund_public
2020-01-20,11.3152,USD,anuefund_public
2020-01-21,11.3354,USD,anuefund_public
2020-01-22,11.3808,USD,anuefund_public
2020-01-30,11.0252,USD,anuefund_public
2020-01-31,10.8801,USD,anuefund_public
2020-02-03,10.8928,USD,anuefund_public
2020-02-04,11.2013,USD,anuefund_public
2020-02-05,11.197,USD,anuefund_public
2020-02-06,11.2935,USD,anuefund_public
2020-02-07,11.1496,USD,anuefund_public
2020-02-10,11.1819,USD,anuefund_public
2020-02-11,11.2745,USD,anuefund_public
2020-02-12,11.4312,USD,anuefund_public
2020-02-13,11.393,USD,anuefund_public
2020-02-14,11.4128,USD,anuefund_public
2020-02-15,11.4128,USD,anuefund_public
2020-02-17,11.4128,USD,anuefund_public
2020-02-18,11.2534,USD,anuefund_public
2020-02-19,11.4194,USD,anuefund_public
2020-02-20,11.3879,USD,anuefund_public
2020-02-21,11.211,USD,anuefund_public
2020-02-24,10.9102,USD,anuefund_public
2020-02-25,10.7502,USD,anuefund_public
2020-02-26,10.6434,USD,anuefund_public
2020-02-27,10.2974,USD,anuefund_public
2020-03-02,10.5991,USD,anuefund_public
2020-03-03,10.5025,USD,anuefund_public
2020-03-04,10.6882,USD,anuefund_public
2020-03-05,10.6475,USD,anuefund_public
2020-03-06,10.5347,USD,anuefund_public
2020-03-09,9.9161,USD,anuefund_public
2020-03-10,10.1998,USD,anuefund_public
2020-03-11,9.8584,USD,anuefund_public
2020-03-12,9.3693,USD,anuefund_public
2020-03-13,9.4771,USD,anuefund_public
2020-03-16,9.1182,USD,anuefund_public
2020-03-17,9.1653,USD,anuefund_public
2020-03-18,9.0173,USD,anuefund_public
2020-03-19,8.8519,USD,anuefund_public
2020-03-20,8.8064,USD,anuefund_public
2020-03-23,8.8081,USD,anuefund_public
2020-03-24,9.108,USD,anuefund_public
2020-03-25,9.2932,USD,anuefund_public
2020-03-26,9.5439,USD,anuefund_public
2020-03-27,9.4544,USD,anuefund_public
2020-03-30,9.5722,USD,anuefund_public
2020-03-31,9.5509,USD,anuefund_public
2020-04-01,9.4122,USD,anuefund_public
2020-04-06,9.7804,USD,anuefund_public
2020-04-07,9.898,USD,anuefund_public
2020-04-08,10.0279,USD,anuefund_public
2020-04-09,10.053,USD,anuefund_public
2020-04-10,10.053,USD,anuefund_public
2020-04-13,9.9931,USD,anuefund_public
2020-04-14,10.3261,USD,anuefund_public
2020-04-15,10.3167,USD,anuefund_public
2020-04-16,10.3874,USD,anuefund_public
2020-04-17,10.5448,USD,anuefund_public
2020-04-20,10.5375,USD,anuefund_public
2020-04-21,10.2635,USD,anuefund_public
2020-04-22,10.449,USD,anuefund_public
2020-04-23,10.4863,USD,anuefund_public
2020-04-24,10.5326,USD,anuefund_public
2020-04-27,10.616,USD,anuefund_public
2020-04-28,10.6201,USD,anuefund_public
2020-04-29,10.8617,USD,anuefund_public
2020-04-30,10.8957,USD,anuefund_public
2020-05-04,10.7271,USD,anuefund_public
2020-05-05,10.8092,USD,anuefund_public
2020-05-06,10.8521,USD,anuefund_public
2020-05-07,10.9797,USD,anuefund_public
2020-05-08,11.1059,USD,anuefund_public
2020-05-11,11.224,USD,anuefund_public
2020-05-12,11.0739,USD,anuefund_public
2020-05-13,11.0373,USD,anuefund_public
2020-05-14,11.0535,USD,anuefund_public
2020-05-15,11.2211,USD,anuefund_public
2020-05-18,11.2333,USD,anuefund_public
2020-05-19,11.3174,USD,anuefund_public
2020-05-20,11.4929,USD,anuefund_public
2020-05-21,11.4513,USD,anuefund_public
2020-05-22,11.4696,USD,anuefund_public
2020-05-25,11.4696,USD,anuefund_public
2020-05-26,11.5521,USD,anuefund_public
2020-05-27,11.4955,USD,anuefund_public
2020-05-28,11.424,USD,anuefund_public
2020-05-29,11.526,USD,anuefund_public
2020-06-01,11.6932,USD,anuefund_public
2020-06-02,11.6731,USD,anuefund_public
2020-06-03,11.8063,USD,anuefund_public
2020-06-04,11.7467,USD,anuefund_public
2020-06-05,11.9353,USD,anuefund_public
2020-06-08,12.0287,USD,anuefund_public
2020-06-09,12.0744,USD,anuefund_public
2020-06-10,12.2448,USD,anuefund_public
2020-06-11,11.9196,USD,anuefund_public
2020-06-12,11.9775,USD,anuefund_public
2020-06-15,11.9535,USD,anuefund_public
2020-06-16,12.1709,USD,anuefund_public
2020-06-17,12.1895,USD,anuefund_public
2020-06-18,12.3521,USD,anuefund_public
2020-06-19,12.3512,USD,anuefund_public
2020-06-20,12.3512,USD,anuefund_public
2020-06-22,12.5026,USD,anuefund_public
2020-06-23,12.532,USD,anuefund_public
2020-06-24,12.5596,USD,anuefund_public
2020-06-29,12.4099,USD,anuefund_public
2020-06-30,12.6029,USD,anuefund_public
2020-07-01,12.7993,USD,anuefund_public
2020-07-02,13.0371,USD,anuefund_public
2020-07-03,13.0371,USD,anuefund_public
2020-07-06,13.5324,USD,anuefund_public
2020-07-07,13.3749,USD,anuefund_public
2020-07-08,13.5421,USD,anuefund_public
2020-07-09,13.6858,USD,anuefund_public
2020-07-10,13.5644,USD,anuefund_public
2020-07-13,13.3812,USD,anuefund_public
2020-07-14,13.408,USD,anuefund_public
2020-07-15,13.3872,USD,anuefund_public
2020-07-16,13.3718,USD,anuefund_public
2020-07-17,13.3239,USD,anuefund_public
2020-07-20,13.5633,USD,anuefund_public
2020-07-21,13.7027,USD,anuefund_public
2020-07-22,13.8407,USD,anuefund_public
2020-07-23,13.7813,USD,anuefund_public
2020-07-24,13.6913,USD,anuefund_public
2020-07-27,13.9884,USD,anuefund_public
2020-07-28,13.7404,USD,anuefund_public
2020-07-29,14.0433,USD,anuefund_public
2020-07-30,14.1773,USD,anuefund_public
2020-07-31,14.3335,USD,anuefund_public
2020-08-03,14.4192,USD,anuefund_public
2020-08-04,14.6838,USD,anuefund_public
2020-08-05,14.8312,USD,anuefund_public
2020-08-06,14.9231,USD,anuefund_public
2020-08-07,14.6892,USD,anuefund_public
2020-08-10,14.4564,USD,anuefund_public
2020-08-11,14.1904,USD,anuefund_public
2020-08-12,14.3811,USD,anuefund_public
2020-08-13,14.3885,USD,anuefund_public
2020-08-14,14.4689,USD,anuefund_public
2020-08-17,14.5692,USD,anuefund_public
2020-08-18,14.3878,USD,anuefund_public
2020-08-19,14.2979,USD,anuefund_public
2020-08-20,14.1007,USD,anuefund_public
2020-08-21,14.2427,USD,anuefund_public
2020-08-24,14.3734,USD,anuefund_public
2020-08-25,14.5139,USD,anuefund_public
2020-08-26,14.6712,USD,anuefund_public
2020-08-27,14.572,USD,anuefund_public
2020-08-28,14.6106,USD,anuefund_public
2020-08-31,14.6917,USD,anuefund_public
2020-09-01,14.835,USD,anuefund_public
2020-09-02,14.9405,USD,anuefund_public
2020-09-03,14.38,USD,anuefund_public
2020-09-04,14.0967,USD,anuefund_public
2020-09-07,14.0967,USD,anuefund_public
2020-09-08,13.6968,USD,anuefund_public
2020-09-09,13.8419,USD,anuefund_public
2020-09-10,13.7256,USD,anuefund_public
2020-09-11,13.7463,USD,anuefund_public
2020-09-14,13.9609,USD,anuefund_public
2020-09-15,14.0906,USD,anuefund_public
2020-09-16,14.122,USD,anuefund_public
2020-09-17,13.9904,USD,anuefund_public
2020-09-18,13.9899,USD,anuefund_public
2020-09-21,14.0445,USD,anuefund_public
2020-09-22,14.0765,USD,anuefund_public
2020-09-23,13.8474,USD,anuefund_public
2020-09-24,13.7308,USD,anuefund_public
2020-09-25,13.7851,USD,anuefund_public
2020-09-26,13.7851,USD,anuefund_public
2020-09-28,14.0602,USD,anuefund_public
2020-09-29,14.0841,USD,anuefund_public
2020-09-30,14.2251,USD,anuefund_public
2020-10-05,14.4405,USD,anuefund_public
2020-10-06,14.384,USD,anuefund_public
2020-10-07,14.6178,USD,anuefund_public
2020-10-08,14.808,USD,anuefund_public
2020-10-12,15.0774,USD,anuefund_public
2020-10-13,15.1281,USD,anuefund_public
2020-10-14,15.0413,USD,anuefund_public
2020-10-15,14.9578,USD,anuefund_public
2020-10-16,14.7973,USD,anuefund_public
2020-10-19,14.7267,USD,anuefund_public
2020-10-20,14.7619,USD,anuefund_public
2020-10-21,14.722,USD,anuefund_public
2020-10-22,14.7324,USD,anuefund_public
2020-10-23,14.8172,USD,anuefund_public
2020-10-26,14.6458,USD,anuefund_public
2020-10-27,14.739,USD,anuefund_public
2020-10-28,14.3841,USD,anuefund_public
2020-10-29,14.5229,USD,anuefund_public
2020-10-30,14.0983,USD,anuefund_public
2020-11-02,14.0331,USD,anuefund_public
2020-11-03,14.217,USD,anuefund_public
2020-11-04,14.6183,USD,anuefund_public
2020-11-05,14.9277,USD,anuefund_public
2020-11-06,15.0595,USD,anuefund_public
2020-11-09,14.9441,USD,anuefund_public
2020-11-10,14.5135,USD,anuefund_public
2020-11-11,14.786,USD,anuefund_public
2020-11-12,14.7689,USD,anuefund_public
2020-11-13,14.869,USD,anuefund_public
2020-11-16,15.1247,USD,anuefund_public
2020-11-17,15.143,USD,anuefund_public
2020-11-18,15.146,USD,anuefund_public
2020-11-19,15.2444,USD,anuefund_public
2020-11-20,15.3214,USD,anuefund_public
2020-11-23,15.452,USD,anuefund_public
2020-11-24,15.5705,USD,anuefund_public
2020-11-25,15.6065,USD,anuefund_public
2020-11-26,15.6065,USD,anuefund_public
2020-11-27,15.7515,USD,anuefund_public
2020-11-30,15.8868,USD,anuefund_public
2020-12-01,16.027,USD,anuefund_public
2020-12-02,16.064,USD,anuefund_public
2020-12-03,16.1377,USD,anuefund_public
2020-12-04,16.4128,USD,anuefund_public
2020-12-07,16.5613,USD,anuefund_public
2020-12-08,16.758,USD,anuefund_public
2020-12-09,16.5782,USD,anuefund_public
2020-12-10,16.6284,USD,anuefund_public
2020-12-11,16.5501,USD,anuefund_public
2020-12-14,16.6097,USD,anuefund_public
2020-12-15,16.6438,USD,anuefund_public
2020-12-16,16.8462,USD,anuefund_public
2020-12-17,16.9636,USD,anuefund_public
2020-12-18,16.933,USD,anuefund_public
2020-12-21,16.9108,USD,anuefund_public
2020-12-22,16.8475,USD,anuefund_public
2020-12-23,16.9808,USD,anuefund_public
2020-12-24,16.9791,USD,anuefund_public
2020-12-25,16.9791,USD,anuefund_public
2020-12-28,17.082,USD,anuefund_public
2020-12-29,17.0226,USD,anuefund_public
2020-12-30,17.2412,USD,anuefund_public
2020-12-31,17.2364,USD,anuefund_public
2021-01-04,17.3492,USD,anuefund_public
2021-01-05,17.6148,USD,anuefund_public
2021-01-06,17.4925,USD,anuefund_public
2021-01-07,18.0196,USD,anuefund_public
2021-01-08,18.1958,USD,anuefund_public
2021-01-11,18.32,USD,anuefund_public
2021-01-12,18.2988,USD,anuefund_public
2021-01-13,18.4625,USD,anuefund_public
2021-01-14,18.388,USD,anuefund_public
2021-01-15,18.1855,USD,anuefund_public
2021-01-18,18.1855,USD,anuefund_public
2021-01-19,18.6306,USD,anuefund_public
2021-01-20,18.6821,USD,anuefund_public
2021-01-21,19.0932,USD,anuefund_public
2021-01-22,19.2246,USD,anuefund_public
2021-01-25,19.2012,USD,anuefund_public
2021-01-26,18.8586,USD,anuefund_public
2021-01-27,18.5699,USD,anuefund_public
2021-01-28,18.4414,USD,anuefund_public
2021-01-29,18.1269,USD,anuefund_public
2021-02-01,18.5341,USD,anuefund_public
2021-02-02,18.9193,USD,anuefund_public
2021-02-03,18.7671,USD,anuefund_public
2021-02-04,18.7769,USD,anuefund_public
2021-02-05,18.8706,USD,anuefund_public
2021-02-08,19.0635,USD,anuefund_public
2021-02-09,19.0768,USD,anuefund_public
2021-02-17,19.4529,USD,anuefund_public
2021-02-18,19.4457,USD,anuefund_public
2021-02-19,19.4826,USD,anuefund_public
2021-02-20,19.4826,USD,anuefund_public
2021-02-22,19.1483,USD,anuefund_public
2021-02-23,18.9991,USD,anuefund_public
2021-02-24,19.0231,USD,anuefund_public
2021-02-25,18.5805,USD,anuefund_public
2021-02-26,18.4837,USD,anuefund_public
2021-03-02,18.5233,USD,anuefund_public
2021-03-03,18.2517,USD,anuefund_public
2021-03-04,17.7399,USD,anuefund_public
2021-03-05,17.8455,USD,anuefund_public
2021-03-08,17.4084,USD,anuefund_public
2021-03-09,17.7918,USD,anuefund_public
2021-03-10,17.6945,USD,anuefund_public
2021-03-11,18.2951,USD,anuefund_public
2021-03-12,18.2384,USD,anuefund_public
2021-03-15,18.4315,USD,anuefund_public
2021-03-16,18.4457,USD,anuefund_public
2021-03-17,18.5376,USD,anuefund_public
2021-03-18,18.1602,USD,anuefund_public
2021-03-19,18.0879,USD,anuefund_public
2021-03-22,18.199,USD,anuefund_public
2021-03-23,17.9603,USD,anuefund_public
2021-03-24,17.6217,USD,anuefund_public
2021-03-25,17.6585,USD,anuefund_public
2021-03-26,18.1846,USD,anuefund_public
2021-03-29,18.0102,USD,anuefund_public
2021-03-30,18.1667,USD,anuefund_public
2021-03-31,18.4118,USD,anuefund_public
2021-04-01,18.6512,USD,anuefund_public
2021-04-06,18.9585,USD,anuefund_public
2021-04-07,19.0353,USD,anuefund_public
2021-04-08,19.1529,USD,anuefund_public
2021-04-09,18.9671,USD,anuefund_public
2021-04-12,18.664,USD,anuefund_public
2021-04-13,18.6013,USD,anuefund_public
2021-04-14,18.3833,USD,anuefund_public
2021-04-15,18.5802,USD,anuefund_public
2021-04-16,18.5912,USD,anuefund_public
2021-04-19,18.3251,USD,anuefund_public
2021-04-20,18.2077,USD,anuefund_public
2021-04-21,18.3164,USD,anuefund_public
2021-04-22,18.0532,USD,anuefund_public
2021-04-23,18.4524,USD,anuefund_public
2021-04-26,18.7845,USD,anuefund_public
2021-04-27,18.8095,USD,anuefund_public
2021-04-28,18.7428,USD,anuefund_public
2021-04-29,18.6614,USD,anuefund_public
2021-05-03,17.8194,USD,anuefund_public
2021-05-04,17.3818,USD,anuefund_public
2021-05-05,17.176,USD,anuefund_public
2021-05-06,17.1222,USD,anuefund_public
2021-05-07,17.5886,USD,anuefund_public
2021-05-10,17.0468,USD,anuefund_public
2021-05-11,16.5814,USD,anuefund_public
2021-05-12,15.9856,USD,anuefund_public
2021-05-13,15.9863,USD,anuefund_public
2021-05-14,16.19,USD,anuefund_public
2021-05-17,16.0212,USD,anuefund_public
2021-05-18,16.3614,USD,anuefund_public
2021-05-19,16.3671,USD,anuefund_public
2021-05-20,16.3889,USD,anuefund_public
2021-05-21,16.4955,USD,anuefund_public
2021-05-24,16.7878,USD,anuefund_public
2021-05-25,17.0881,USD,anuefund_public
2021-05-26,17.1753,USD,anuefund_public
2021-05-27,17.2191,USD,anuefund_public
2021-05-28,17.4079,USD,anuefund_public
2021-05-31,17.4079,USD,anuefund_public
2021-06-01,17.5269,USD,anuefund_public
2021-06-02,17.4072,USD,anuefund_public
2021-06-03,17.4617,USD,anuefund_public
2021-06-04,17.5585,USD,anuefund_public
2021-06-07,17.6361,USD,anuefund_public
2021-06-08,17.5532,USD,anuefund_public
2021-06-09,17.5036,USD,anuefund_public
2021-06-10,17.7095,USD,anuefund_public
2021-06-11,17.7592,USD,anuefund_public
2021-06-15,17.9014,USD,anuefund_public
2021-06-16,17.7248,USD,anuefund_public
2021-06-17,17.9133,USD,anuefund_public
2021-06-18,17.79,USD,anuefund_public
2021-06-21,17.7553,USD,anuefund_public
2021-06-22,17.8556,USD,anuefund_public
2021-06-23,18.0478,USD,anuefund_public
2021-06-24,18.2234,USD,anuefund_public
2021-06-25,18.255,USD,anuefund_public
2021-06-28,18.3327,USD,anuefund_public
2021-06-29,18.379,USD,anuefund_public
2021-06-30,18.418,USD,anuefund_public
2021-07-01,18.2182,USD,anuefund_public
2021-07-02,18.4343,USD,anuefund_public
2021-07-05,18.4343,USD,anuefund_public
2021-07-06,18.6379,USD,anuefund_public
2021-07-07,18.5349,USD,anuefund_public
2021-07-08,18.5416,USD,anuefund_public
2021-07-09,18.6724,USD,anuefund_public
2021-07-12,19.0829,USD,anuefund_public
2021-07-13,18.9743,USD,anuefund_public
2021-07-14,18.952,USD,anuefund_public
2021-07-15,18.9339,USD,anuefund_public
2021-07-16,18.6584,USD,anuefund_public
2021-07-19,18.5063,USD,anuefund_public
2021-07-20,18.5562,USD,anuefund_public
2021-07-21,18.8865,USD,anuefund_public
2021-07-22,18.9558,USD,anuefund_public
2021-07-23,18.958,USD,anuefund_public
2021-07-26,19.0149,USD,anuefund_public
2021-07-27,18.6393,USD,anuefund_public
2021-07-28,18.6369,USD,anuefund_public
2021-07-29,19.0811,USD,anuefund_public
2021-07-30,18.848,USD,anuefund_public
2021-08-02,19.0581,USD,anuefund_public
2021-08-03,19.2726,USD,anuefund_public
2021-08-04,19.3281,USD,anuefund_public
2021-08-05,19.3761,USD,anuefund_public
2021-08-06,19.1902,USD,anuefund_public
2021-08-09,18.9748,USD,anuefund_public
2021-08-10,18.7841,USD,anuefund_public
2021-08-11,18.6355,USD,anuefund_public
2021-08-12,18.6619,USD,anuefund_public
2021-08-13,18.4922,USD,anuefund_public
2021-08-16,18.3867,USD,anuefund_public
2021-08-17,17.9722,USD,anuefund_public
2021-08-18,18.1109,USD,anuefund_public
2021-08-19,17.8911,USD,anuefund_public
2021-08-20,18.1314,USD,anuefund_public
2021-08-23,18.6673,USD,anuefund_public
2021-08-24,18.7396,USD,anuefund_public
2021-08-25,18.9251,USD,anuefund_public
2021-08-26,18.941,USD,anuefund_public
2021-08-27,19.1306,USD,anuefund_public
2021-08-30,19.3622,USD,anuefund_public
2021-08-31,19.283,USD,anuefund_public
2021-09-01,19.538,USD,anuefund_public
2021-09-02,19.5683,USD,anuefund_public
2021-09-03,19.7032,USD,anuefund_public
2021-09-06,19.7032,USD,anuefund_public
2021-09-07,19.4576,USD,anuefund_public
2021-09-08,19.1545,USD,anuefund_public
2021-09-09,19.2843,USD,anuefund_public
2021-09-10,19.4106,USD,anuefund_public
2021-09-11,19.4106,USD,anuefund_public
2021-09-13,19.2494,USD,anuefund_public
2021-09-14,19.2334,USD,anuefund_public
2021-09-15,19.2135,USD,anuefund_public
2021-09-16,19.2368,USD,anuefund_public
2021-09-17,19.2605,USD,anuefund_public
2021-09-22,19.0471,USD,anuefund_public
2021-09-23,19.3191,USD,anuefund_public
2021-09-24,19.3695,USD,anuefund_public
2021-09-27,19.2518,USD,anuefund_public
2021-09-28,18.7251,USD,anuefund_public
2021-09-29,18.2526,USD,anuefund_public
2021-09-30,18.245,USD,anuefund_public
2021-10-01,18.1826,USD,anuefund_public
2021-10-04,17.7877,USD,anuefund_public
2021-10-05,18.035,USD,anuefund_public
2021-10-06,17.9577,USD,anuefund_public
2021-10-07,18.3519,USD,anuefund_public
2021-10-08,18.2553,USD,anuefund_public
2021-10-12,18.0752,USD,anuefund_public
2021-10-13,17.9387,USD,anuefund_public
2021-10-14,18.1662,USD,anuefund_public
2021-10-15,18.4732,USD,anuefund_public
2021-10-18,18.5803,USD,anuefund_public
2021-10-19,18.9511,USD,anuefund_public
2021-10-20,19.02,USD,anuefund_public
2021-10-21,19.0827,USD,anuefund_public
2021-10-22,19.1468,USD,anuefund_public
2021-10-25,19.4176,USD,anuefund_public
2021-10-26,19.5187,USD,anuefund_public
2021-10-27,19.7704,USD,anuefund_public
2021-10-28,20.0875,USD,anuefund_public
2021-10-29,20.2426,USD,anuefund_public
2021-11-01,20.6504,USD,anuefund_public
2021-11-02,20.5568,USD,anuefund_public
2021-11-03,20.5535,USD,anuefund_public
2021-11-04,20.8039,USD,anuefund_public
2021-11-05,20.9746,USD,anuefund_public
2021-11-08,21.0241,USD,anuefund_public
2021-11-09,21.0495,USD,anuefund_public
2021-11-10,20.7696,USD,anuefund_public
2021-11-11,20.8009,USD,anuefund_public
2021-11-12,20.9098,USD,anuefund_public
2021-11-15,20.9506,USD,anuefund_public
2021-11-16,21.1763,USD,anuefund_public
2021-11-17,21.2823,USD,anuefund_public
2021-11-18,21.3045,USD,anuefund_public
2021-11-19,21.3575,USD,anuefund_public
2021-11-22,21.1294,USD,anuefund_public
2021-11-23,20.796,USD,anuefund_public
2021-11-24,20.7844,USD,anuefund_public
2021-11-25,20.7844,USD,anuefund_public
2021-11-26,20.324,USD,anuefund_public
2021-11-29,20.8347,USD,anuefund_public
2021-11-30,20.7662,USD,anuefund_public
2021-12-01,20.6924,USD,anuefund_public
2021-12-02,20.6095,USD,anuefund_public
2021-12-03,20.512,USD,anuefund_public
2021-12-06,20.3588,USD,anuefund_public
2021-12-07,20.8801,USD,anuefund_public
2021-12-08,21.0566,USD,anuefund_public
2021-12-09,20.7417,USD,anuefund_public
2021-12-10,20.73,USD,anuefund_public
2021-12-13,20.4716,USD,anuefund_public
2021-12-14,20.099,USD,anuefund_public
2021-12-15,20.7266,USD,anuefund_public
2021-12-16,20.5332,USD,anuefund_public
2021-12-17,20.446,USD,anuefund_public
2021-12-20,20.1727,USD,anuefund_public
2021-12-21,20.8135,USD,anuefund_public
2021-12-22,21.0315,USD,anuefund_public
2021-12-23,21.3356,USD,anuefund_public
2021-12-24,21.3356,USD,anuefund_public
2021-12-27,21.5972,USD,anuefund_public
2021-12-28,21.5503,USD,anuefund_public
2021-12-29,21.4871,USD,anuefund_public
2021-12-30,21.4578,USD,anuefund_public
2022-01-03,21.5703,USD,anuefund_public
2022-01-04,21.4324,USD,anuefund_public
2022-01-05,20.8148,USD,anuefund_public
2022-01-06,20.6899,USD,anuefund_public
2022-01-07,20.2154,USD,anuefund_public
2022-01-10,20.2399,USD,anuefund_public
2022-01-11,20.2536,USD,anuefund_public
2022-01-12,20.3625,USD,anuefund_public
2022-01-13,20.1089,USD,anuefund_public
2022-01-14,20.3018,USD,anuefund_public
2022-01-17,20.3018,USD,anuefund_public
2022-01-18,19.9487,USD,anuefund_public
2022-01-19,19.599,USD,anuefund_public
2022-01-20,19.4743,USD,anuefund_public
2022-01-21,19.0048,USD,anuefund_public
2022-01-22,19.0048,USD,anuefund_public
2022-01-24,19.1342,USD,anuefund_public
2022-01-25,18.6913,USD,anuefund_public
2022-01-26,18.7169,USD,anuefund_public
2022-01-27,18.4629,USD,anuefund_public
2022-01-28,18.6361,USD,anuefund_public
2022-02-07,19.0412,USD,anuefund_public
2022-02-08,19.2976,USD,anuefund_public
2022-02-09,19.8334,USD,anuefund_public
2022-02-10,19.623,USD,anuefund_public
2022-02-11,19.3855,USD,anuefund_public
2022-02-14,19.0984,USD,anuefund_public
2022-02-15,19.4731,USD,anuefund_public
2022-02-16,19.6249,USD,anuefund_public
2022-02-17,19.2339,USD,anuefund_public
2022-02-18,19.1923,USD,anuefund_public
2022-02-21,19.1923,USD,anuefund_public
2022-02-22,18.8379,USD,anuefund_public
2022-02-23,18.7865,USD,anuefund_public
2022-02-24,18.8448,USD,anuefund_public
2022-02-25,19.2776,USD,anuefund_public
2022-03-01,19.051,USD,anuefund_public
2022-03-02,19.3076,USD,anuefund_public
2022-03-03,19.1427,USD,anuefund_public
2022-03-04,18.6744,USD,anuefund_public
2022-03-07,17.8895,USD,anuefund_public
2022-03-08,17.7488,USD,anuefund_public
2022-03-09,18.1612,USD,anuefund_public
2022-03-10,18.2757,USD,anuefund_public
2022-03-11,18.0168,USD,anuefund_public
2022-03-14,17.7575,USD,anuefund_public
2022-03-15,17.6713,USD,anuefund_public
2022-03-16,18.052,USD,anuefund_public
2022-03-17,18.4306,USD,anuefund_public
2022-03-18,18.6495,USD,anuefund_public
2022-03-21,18.6964,USD,anuefund_public
2022-03-22,18.7817,USD,anuefund_public
2022-03-23,18.7481,USD,anuefund_public
2022-03-24,19.1454,USD,anuefund_public
2022-03-25,19.2082,USD,anuefund_public
2022-03-28,19.2531,USD,anuefund_public
2022-03-29,19.5129,USD,anuefund_public
2022-03-30,19.3319,USD,anuefund_public
2022-03-31,19.046,USD,anuefund_public
2022-04-01,18.8754,USD,anuefund_public
2022-04-06,18.3079,USD,anuefund_public
2022-04-07,18.0072,USD,anuefund_public
2022-04-08,17.8725,USD,anuefund_public
2022-04-11,17.3357,USD,anuefund_public
2022-04-12,17.2659,USD,anuefund_public
2022-04-13,17.5792,USD,anuefund_public
2022-04-14,17.4033,USD,anuefund_public
2022-04-15,17.4033,USD,anuefund_public
2022-04-18,17.2313,USD,anuefund_public
2022-04-19,17.4305,USD,anuefund_public
2022-04-20,17.462,USD,anuefund_public
2022-04-21,17.2901,USD,anuefund_public
2022-04-22,16.8905,USD,anuefund_public
2022-04-25,16.742,USD,anuefund_public
2022-04-26,16.4033,USD,anuefund_public
2022-04-27,16.397,USD,anuefund_public
2022-04-28,16.6239,USD,anuefund_public
2022-04-29,16.4854,USD,anuefund_public
2022-05-03,16.7515,USD,anuefund_public
2022-05-04,17.0304,USD,anuefund_public
2022-05-05,16.7816,USD,anuefund_public
2022-05-06,16.4893,USD,anuefund_public
2022-05-09,15.9598,USD,anuefund_public
2022-05-10,16.1494,USD,anuefund_public
2022-05-11,15.9761,USD,anuefund_public
2022-05-12,15.8571,USD,anuefund_public
2022-05-13,16.2639,USD,anuefund_public
2022-05-16,16.1564,USD,anuefund_public
2022-05-17,16.6317,USD,anuefund_public
2022-05-18,16.3668,USD,anuefund_public
2022-05-19,16.299,USD,anuefund_public
2022-05-20,16.2552,USD,anuefund_public
2022-05-23,16.2651,USD,anuefund_public
2022-05-24,15.8729,USD,anuefund_public
2022-05-25,16.0348,USD,anuefund_public
2022-05-26,16.143,USD,anuefund_public
2022-05-27,16.5832,USD,anuefund_public
2022-05-30,16.5832,USD,anuefund_public
2022-05-31,16.8721,USD,anuefund_public
2022-06-01,16.7014,USD,anuefund_public
2022-06-02,16.9006,USD,anuefund_public
2022-06-06,16.7465,USD,anuefund_public
2022-06-07,16.6952,USD,anuefund_public
2022-06-08,16.6452,USD,anuefund_public
2022-06-09,16.3435,USD,anuefund_public
2022-06-10,16.1158,USD,anuefund_public
2022-06-13,15.4486,USD,anuefund_public
2022-06-14,15.4481,USD,anuefund_public
2022-06-15,15.5824,USD,anuefund_public
2022-06-16,15.0876,USD,anuefund_public
2022-06-17,15.0268,USD,anuefund_public
2022-06-20,15.0065,USD,anuefund_public
2022-06-21,15.2996,USD,anuefund_public
2022-06-22,15.0776,USD,anuefund_public
2022-06-23,15.1405,USD,anuefund_public
2022-06-24,15.5093,USD,anuefund_public
2022-06-27,15.6273,USD,anuefund_public
2022-06-28,15.4106,USD,anuefund_public
2022-06-29,15.1523,USD,anuefund_public
2022-06-30,14.9296,USD,anuefund_public
2022-07-01,14.6648,USD,anuefund_public
2022-07-04,14.6352,USD,anuefund_public
2022-07-05,14.6458,USD,anuefund_public
2022-07-06,14.6155,USD,anuefund_public
2022-07-07,14.9925,USD,anuefund_public
2022-07-08,15.0508,USD,anuefund_public
2022-07-11,14.7677,USD,anuefund_public
2022-07-12,14.5868,USD,anuefund_public
2022-07-13,14.6862,USD,anuefund_public
2022-07-14,14.8602,USD,anuefund_public
2022-07-15,14.9545,USD,anuefund_public
2022-07-18,14.9829,USD,anuefund_public
2022-07-19,15.0937,USD,anuefund_public
2022-07-20,15.2718,USD,anuefund_public
2022-07-21,15.5093,USD,anuefund_public
2022-07-22,15.3266,USD,anuefund_public
2022-07-25,15.2061,USD,anuefund_public
2022-07-26,15.0193,USD,anuefund_public
2022-07-27,15.3715,USD,anuefund_public
2022-07-28,15.4752,USD,anuefund_public
2022-07-29,15.6355,USD,anuefund_public
2022-08-01,15.5948,USD,anuefund_public
2022-08-02,15.4832,USD,anuefund_public
2022-08-03,15.6673,USD,anuefund_public
2022-08-04,15.7519,USD,anuefund_public
2022-08-05,15.7915,USD,anuefund_public
2022-08-08,15.7519,USD,anuefund_public
2022-08-09,15.5263,USD,anuefund_public
2022-08-10,15.6903,USD,anuefund_public
2022-08-11,15.7133,USD,anuefund_public
2022-08-12,15.9175,USD,anuefund_public
2022-08-15,16.1002,USD,anuefund_public
2022-08-16,16.083,USD,anuefund_public
2022-08-17,15.9541,USD,anuefund_public
2022-08-18,16.1706,USD,anuefund_public
2022-08-19,15.9699,USD,anuefund_public
2022-08-22,15.6543,USD,anuefund_public
2022-08-23,15.6133,USD,anuefund_public
2022-08-24,15.5822,USD,anuefund_public
2022-08-25,15.8552,USD,anuefund_public
2022-08-26,15.5759,USD,anuefund_public
2022-08-29,15.3273,USD,anuefund_public
2022-08-30,15.2778,USD,anuefund_public
2022-08-31,15.2514,USD,anuefund_public
2022-09-01,15.0516,USD,anuefund_public
2022-09-02,14.9487,USD,anuefund_public
2022-09-06,14.7495,USD,anuefund_public
2022-09-07,14.8365,USD,anuefund_public
2022-09-08,14.9837,USD,anuefund_public
2022-09-12,15.3637,USD,anuefund_public
2022-09-13,15.0688,USD,anuefund_public
2022-09-14,15.0137,USD,anuefund_public
2022-09-15,14.8276,USD,anuefund_public
2022-09-16,14.6711,USD,anuefund_public
2022-09-19,14.607,USD,anuefund_public
2022-09-20,14.6091,USD,anuefund_public
2022-09-21,14.4354,USD,anuefund_public
2022-09-22,14.2191,USD,anuefund_public
2022-09-23,13.9326,USD,anuefund_public
2022-09-26,13.759,USD,anuefund_public
2022-09-27,13.8417,USD,anuefund_public
2022-09-28,13.7448,USD,anuefund_public
2022-09-29,13.5801,USD,anuefund_public
2022-09-30,13.5552,USD,anuefund_public
2022-10-03,13.5856,USD,anuefund_public
2022-10-04,13.9687,USD,anuefund_public
2022-10-05,14.0475,USD,anuefund_public
2022-10-06,14.0969,USD,anuefund_public
2022-10-07,13.6645,USD,anuefund_public
2022-10-11,13.1127,USD,anuefund_public
2022-10-12,13.0655,USD,anuefund_public
2022-10-13,13.0072,USD,anuefund_public
2022-10-14,12.8091,USD,anuefund_public
2022-10-17,12.9342,USD,anuefund_public
2022-10-18,12.9807,USD,anuefund_public
2022-10-19,12.905,USD,anuefund_public
2022-10-20,12.7691,USD,anuefund_public
2022-10-21,12.7982,USD,anuefund_public
2022-10-24,12.7905,USD,anuefund_public
2022-10-25,12.9316,USD,anuefund_public
2022-10-26,12.8259,USD,anuefund_public
2022-10-27,12.9722,USD,anuefund_public
2022-10-28,13.183,USD,anuefund_public
2022-10-31,13.0756,USD,anuefund_public
2022-11-01,13.0541,USD,anuefund_public
2022-11-02,12.9066,USD,anuefund_public
2022-11-03,12.8408,USD,anuefund_public
2022-11-04,13.0377,USD,anuefund_public
2022-11-07,13.141,USD,anuefund_public
2022-11-08,13.1873,USD,anuefund_public
2022-11-09,13.024,USD,anuefund_public
2022-11-10,13.6061,USD,anuefund_public
2022-11-11,13.9518,USD,anuefund_public
2022-11-14,13.9312,USD,anuefund_public
2022-11-15,14.1869,USD,anuefund_public
2022-11-16,14.048,USD,anuefund_public
2022-11-17,14.03,USD,anuefund_public
2022-11-18,13.9715,USD,anuefund_public
2022-11-21,13.8648,USD,anuefund_public
2022-11-22,14.0147,USD,anuefund_public
2022-11-23,14.133,USD,anuefund_public
2022-11-25,14.1934,USD,anuefund_public
2022-11-28,14.0061,USD,anuefund_public
2022-11-29,13.9493,USD,anuefund_public
2022-11-30,14.4342,USD,anuefund_public
2022-12-01,14.5543,USD,anuefund_public
2022-12-02,14.5516,USD,anuefund_public
2022-12-05,14.3596,USD,anuefund_public
2022-12-06,14.0633,USD,anuefund_public
2022-12-07,13.9443,USD,anuefund_public
2022-12-08,14.0893,USD,anuefund_public
2022-12-09,14.0704,USD,anuefund_public
2022-12-12,14.1121,USD,anuefund_public
2022-12-13,14.1723,USD,anuefund_public
2022-12-14,14.2387,USD,anuefund_public
2022-12-15,13.9757,USD,anuefund_public
2022-12-16,13.7495,USD,anuefund_public
2022-12-19,13.557,USD,anuefund_public
2022-12-20,13.3763,USD,anuefund_public
2022-12-21,13.5002,USD,anuefund_public
2022-12-22,13.2958,USD,anuefund_public
2022-12-23,13.2303,USD,anuefund_public
2022-12-27,13.0961,USD,anuefund_public
2022-12-28,12.913,USD,anuefund_public
2022-12-29,13.1294,USD,anuefund_public
2022-12-30,13.1031,USD,anuefund_public
2023-01-03,13.105,USD,anuefund_public
2023-01-04,13.1896,USD,anuefund_public
2023-01-05,13.022,USD,anuefund_public
2023-01-06,13.3239,USD,anuefund_public
2023-01-09,13.5938,USD,anuefund_public
2023-01-10,13.6819,USD,anuefund_public
2023-01-11,13.816,USD,anuefund_public
2023-01-12,13.9202,USD,anuefund_public
2023-01-13,13.9765,USD,anuefund_public
2023-01-17,14.0676,USD,anuefund_public
2023-01-18,14.0072,USD,anuefund_public
2023-01-19,13.8181,USD,anuefund_public
2023-01-30,14.5127,USD,anuefund_public
2023-01-31,14.6553,USD,anuefund_public
2023-02-01,15.0596,USD,anuefund_public
2023-02-02,15.5037,USD,anuefund_public
2023-02-03,15.3069,USD,anuefund_public
2023-02-06,15.0799,USD,anuefund_public
2023-02-07,15.2792,USD,anuefund_public
2023-02-08,15.2113,USD,anuefund_public
2023-02-09,15.1446,USD,anuefund_public
2023-02-10,14.9778,USD,anuefund_public
2023-02-13,15.0741,USD,anuefund_public
2023-02-14,15.2203,USD,anuefund_public
2023-02-15,15.1642,USD,anuefund_public
2023-02-16,15.0208,USD,anuefund_public
2023-02-17,14.8793,USD,anuefund_public
2023-02-21,14.7363,USD,anuefund_public
2023-02-22,14.6538,USD,anuefund_public
2023-02-23,14.9763,USD,anuefund_public
2023-02-24,14.7535,USD,anuefund_public
2023-03-01,14.8271,USD,anuefund_public
2023-03-02,14.8251,USD,anuefund_public
2023-03-03,14.9174,USD,anuefund_public
2023-03-06,14.8971,USD,anuefund_public
2023-03-07,14.77,USD,anuefund_public
2023-03-08,14.8617,USD,anuefund_public
2023-03-09,14.6988,USD,anuefund_public
2023-03-10,14.4488,USD,anuefund_public
2023-03-13,14.4936,USD,anuefund_public
2023-03-14,14.6425,USD,anuefund_public
2023-03-15,14.6331,USD,anuefund_public
2023-03-16,14.9497,USD,anuefund_public
2023-03-17,15.0177,USD,anuefund_public
2023-03-20,15.0636,USD,anuefund_public
2023-03-21,15.1594,USD,anuefund_public
2023-03-22,15.1776,USD,anuefund_public
2023-03-23,15.4513,USD,anuefund_public
2023-03-24,15.3425,USD,anuefund_public
2023-03-27,15.2859,USD,anuefund_public
2023-03-28,15.1364,USD,anuefund_public
2023-03-29,15.2922,USD,anuefund_public
2023-03-30,15.531,USD,anuefund_public
2023-03-31,15.6677,USD,anuefund_public
2023-04-06,15.1609,USD,anuefund_public
2023-04-10,15.3362,USD,anuefund_public
2023-04-11,15.3634,USD,anuefund_public
2023-04-12,15.2445,USD,anuefund_public
2023-04-13,15.2328,USD,anuefund_public
2023-04-14,15.2812,USD,anuefund_public
2023-04-17,15.3066,USD,anuefund_public
2023-04-18,15.2516,USD,anuefund_public
2023-04-19,15.1481,USD,anuefund_public
2023-04-20,14.9438,USD,anuefund_public
2023-04-21,14.7971,USD,anuefund_public
2023-04-24,14.7858,USD,anuefund_public
2023-04-25,14.3011,USD,anuefund_public
2023-04-26,14.3433,USD,anuefund_public
2023-04-27,14.4745,USD,anuefund_public
2023-04-28,14.6119,USD,anuefund_public
2023-05-02,14.6556,USD,anuefund_public
2023-05-03,14.545,USD,anuefund_public
2023-05-04,14.5525,USD,anuefund_public
2023-05-05,14.7847,USD,anuefund_public
2023-05-08,14.841,USD,anuefund_public
2023-05-09,14.6875,USD,anuefund_public
2023-05-10,14.7579,USD,anuefund_public
2023-05-11,14.6159,USD,anuefund_public
2023-05-12,14.6232,USD,anuefund_public
2023-05-15,14.6949,USD,anuefund_public
2023-05-16,14.7358,USD,anuefund_public
2023-05-17,14.9919,USD,anuefund_public
2023-05-18,15.2645,USD,anuefund_public
2023-05-19,15.403,USD,anuefund_public
2023-05-22,15.438,USD,anuefund_public
2023-05-23,15.3712,USD,anuefund_public
2023-05-24,15.2694,USD,anuefund_public
2023-05-25,15.9314,USD,anuefund_public
2023-05-26,16.456,USD,anuefund_public
2023-05-30,16.7361,USD,anuefund_public
2023-05-31,16.2996,USD,anuefund_public
2023-06-01,16.5036,USD,anuefund_public
2023-06-02,16.5013,USD,anuefund_public
2023-06-05,16.4555,USD,anuefund_public
2023-06-06,16.5165,USD,anuefund_public
2023-06-07,16.4199,USD,anuefund_public
2023-06-08,16.372,USD,anuefund_public
2023-06-09,16.5962,USD,anuefund_public
2023-06-12,16.9216,USD,anuefund_public
2023-06-13,17.3065,USD,anuefund_public
2023-06-14,17.4195,USD,anuefund_public
2023-06-15,17.5588,USD,anuefund_public
2023-06-16,17.4857,USD,anuefund_public
2023-06-20,17.4945,USD,anuefund_public
2023-06-21,17.1505,USD,anuefund_public
2023-06-26,16.7949,USD,anuefund_public
2023-06-27,16.9084,USD,anuefund_public
2023-06-28,16.8721,USD,anuefund_public
2023-06-29,16.9501,USD,anuefund_public
2023-06-30,17.2504,USD,anuefund_public
2023-07-03,17.4999,USD,anuefund_public
2023-07-05,17.3336,USD,anuefund_public
2023-07-06,17.1889,USD,anuefund_public
2023-07-07,17.0693,USD,anuefund_public
2023-07-10,17.1059,USD,anuefund_public
2023-07-11,17.2216,USD,anuefund_public
2023-07-12,17.6222,USD,anuefund_public
2023-07-13,18.0546,USD,anuefund_public
2023-07-14,18.2141,USD,anuefund_public
2023-07-17,18.2084,USD,anuefund_public
2023-07-18,18.3921,USD,anuefund_public
2023-07-19,18.3147,USD,anuefund_public
2023-07-20,17.9815,USD,anuefund_public
2023-07-21,18.1542,USD,anuefund_public
2023-07-24,18.2711,USD,anuefund_public
2023-07-25,18.3557,USD,anuefund_public
2023-07-26,18.174,USD,anuefund_public
2023-07-27,18.1909,USD,anuefund_public
2023-07-28,18.5279,USD,anuefund_public
2023-07-31,18.1015,USD,anuefund_public
2023-08-01,17.9981,USD,anuefund_public
2023-08-02,17.243,USD,anuefund_public
2023-08-04,17.3562,USD,anuefund_public
2023-08-07,17.7182,USD,anuefund_public
2023-08-08,17.5665,USD,anuefund_public
2023-08-09,17.1025,USD,anuefund_public
2023-08-10,16.7577,USD,anuefund_public
2023-08-11,16.5837,USD,anuefund_public
2023-08-14,16.8006,USD,anuefund_public
2023-08-15,16.8713,USD,anuefund_public
2023-08-16,16.8576,USD,anuefund_public
2023-08-17,16.9047,USD,anuefund_public
2023-08-18,16.8042,USD,anuefund_public
2023-08-21,17.2296,USD,anuefund_public
2023-08-22,17.3714,USD,anuefund_public
2023-08-23,17.6807,USD,anuefund_public
2023-08-24,17.6009,USD,anuefund_public
2023-08-25,17.2436,USD,anuefund_public
2023-08-28,17.3427,USD,anuefund_public
2023-08-29,17.7674,USD,anuefund_public
2023-08-30,17.9089,USD,anuefund_public
2023-08-31,17.9584,USD,anuefund_public
2023-09-01,17.6808,USD,anuefund_public
2023-09-05,17.8374,USD,anuefund_public
2023-09-06,17.7916,USD,anuefund_public
2023-09-07,17.5303,USD,anuefund_public
2023-09-08,17.4042,USD,anuefund_public
2023-09-11,17.2138,USD,anuefund_public
2023-09-12,17.1085,USD,anuefund_public
2023-09-13,17.2787,USD,anuefund_public
2023-09-14,17.5544,USD,anuefund_public
2023-09-15,17.2397,USD,anuefund_public
2023-09-18,17.0164,USD,anuefund_public
2023-09-19,16.8501,USD,anuefund_public
2023-09-20,16.6001,USD,anuefund_public
2023-09-21,16.2685,USD,anuefund_public
2023-09-22,16.4755,USD,anuefund_public
2023-09-25,16.5648,USD,anuefund_public
2023-09-26,16.4305,USD,anuefund_public
2023-09-27,16.5342,USD,anuefund_public
2023-09-28,16.8134,USD,anuefund_public
2023-10-02,17.1479,USD,anuefund_public
2023-10-03,16.8287,USD,anuefund_public
2023-10-04,17.0056,USD,anuefund_public
2023-10-05,17.1417,USD,anuefund_public
2023-10-06,17.3457,USD,anuefund_public
2023-10-11,17.5255,USD,anuefund_public
2023-10-12,17.6579,USD,anuefund_public
2023-10-13,17.308,USD,anuefund_public
2023-10-16,17.3601,USD,anuefund_public
2023-10-17,17.2037,USD,anuefund_public
2023-10-18,16.7498,USD,anuefund_public
2023-10-19,16.6471,USD,anuefund_public
2023-10-20,16.4365,USD,anuefund_public
2023-10-23,16.3724,USD,anuefund_public
2023-10-24,16.6253,USD,anuefund_public
2023-10-25,16.3992,USD,anuefund_public
2023-10-26,15.9251,USD,anuefund_public
2023-10-27,16.0264,USD,anuefund_public
2023-10-30,16.1229,USD,anuefund_public
2023-10-31,15.9139,USD,anuefund_public
2023-11-01,16.2361,USD,anuefund_public
2023-11-02,16.5881,USD,anuefund_public
2023-11-03,16.7181,USD,anuefund_public
2023-11-06,16.9455,USD,anuefund_public
2023-11-07,17.0161,USD,anuefund_public
2023-11-08,17.2048,USD,anuefund_public
2023-11-09,17.1939,USD,anuefund_public
2023-11-10,17.2971,USD,anuefund_public
2023-11-13,17.2917,USD,anuefund_public
2023-11-14,17.7084,USD,anuefund_public
2023-11-15,17.6469,USD,anuefund_public
2023-11-16,17.6653,USD,anuefund_public
2023-11-17,17.7502,USD,anuefund_public
2023-11-20,17.992,USD,anuefund_public
2023-11-21,17.9776,USD,anuefund_public
2023-11-22,17.918,USD,anuefund_public
2023-11-24,17.7353,USD,anuefund_public
2023-11-27,17.6177,USD,anuefund_public
2023-11-28,17.7827,USD,anuefund_public
2023-11-29,17.9415,USD,anuefund_public
2023-11-30,17.9469,USD,anuefund_public
2023-12-01,17.8226,USD,anuefund_public
2023-12-04,17.5756,USD,anuefund_public
2023-12-05,17.5392,USD,anuefund_public
2023-12-06,17.5495,USD,anuefund_public
2023-12-07,17.7097,USD,anuefund_public
2023-12-08,18.1047,USD,anuefund_public
2023-12-11,18.2522,USD,anuefund_public
2023-12-12,18.3851,USD,anuefund_public
2023-12-13,18.5537,USD,anuefund_public
2023-12-14,18.6849,USD,anuefund_public
2023-12-15,18.6931,USD,anuefund_public
2023-12-18,18.7807,USD,anuefund_public
2023-12-19,18.7146,USD,anuefund_public
2023-12-20,18.4998,USD,anuefund_public
2023-12-21,18.6818,USD,anuefund_public
2023-12-22,18.726,USD,anuefund_public
2023-12-26,18.9169,USD,anuefund_public
2023-12-27,19.0606,USD,anuefund_public
2023-12-28,19.0303,USD,anuefund_public
2023-12-29,19.052,USD,anuefund_public
2024-01-02,18.6064,USD,anuefund_public
2024-01-03,18.3301,USD,anuefund_public
2024-01-04,18.2706,USD,anuefund_public
2024-01-05,18.4766,USD,anuefund_public
2024-01-08,18.8774,USD,anuefund_public
2024-01-09,18.9825,USD,anuefund_public
2024-01-10,19.2282,USD,anuefund_public
2024-01-11,19.5676,USD,anuefund_public
2024-01-12,19.5943,USD,anuefund_public
2024-01-16,19.618,USD,anuefund_public
2024-01-17,19.4559,USD,anuefund_public
2024-01-18,19.5719,USD,anuefund_public
2024-01-19,20.2848,USD,anuefund_public
2024-01-22,20.6147,USD,anuefund_public
2024-01-23,20.7707,USD,anuefund_public
2024-01-24,20.8177,USD,anuefund_public
2024-01-25,20.8696,USD,anuefund_public
2024-01-26,20.8055,USD,anuefund_public
2024-01-29,21.1496,USD,anuefund_public
2024-01-30,21.5128,USD,anuefund_public
2024-01-31,21.2118,USD,anuefund_public
2024-02-01,21.5558,USD,anuefund_public
2024-02-02,22.1504,USD,anuefund_public
2024-02-05,22.3063,USD,anuefund_public
2024-02-06,22.2821,USD,anuefund_public
2024-02-07,22.4762,USD,anuefund_public
2024-02-15,24.173,USD,anuefund_public
2024-02-16,23.3414,USD,anuefund_public
2024-02-20,22.93,USD,anuefund_public
2024-02-21,22.4886,USD,anuefund_public
2024-02-22,23.877,USD,anuefund_public
2024-02-23,23.5949,USD,anuefund_public
2024-02-26,23.6918,USD,anuefund_public
2024-02-27,23.5918,USD,anuefund_public
2024-02-29,23.8386,USD,anuefund_public
2024-03-01,24.4729,USD,anuefund_public
2024-03-04,25.0876,USD,anuefund_public
2024-03-05,24.8906,USD,anuefund_public
2024-03-06,25.1493,USD,anuefund_public
2024-03-07,25.4307,USD,anuefund_public
2024-03-08,24.7689,USD,anuefund_public
2024-03-11,24.5574,USD,anuefund_public
2024-03-12,25.099,USD,anuefund_public
2024-03-13,24.848,USD,anuefund_public
2024-03-14,24.4988,USD,anuefund_public
2024-03-15,24.302,USD,anuefund_public
2024-03-18,24.397,USD,anuefund_public
2024-03-19,24.1535,USD,anuefund_public
2024-03-20,24.2806,USD,anuefund_public
2024-03-21,24.7722,USD,anuefund_public
2024-03-22,24.8681,USD,anuefund_public
2024-03-25,24.9588,USD,anuefund_public
2024-03-26,24.7216,USD,anuefund_public
2024-03-27,24.5116,USD,anuefund_public
2024-03-28,24.4295,USD,anuefund_public
2024-03-29,24.4295,USD,anuefund_public
2024-04-01,24.8206,USD,anuefund_public
2024-04-02,24.8631,USD,anuefund_public
2024-04-03,25.0287,USD,anuefund_public
2024-04-08,24.6475,USD,anuefund_public
2024-04-09,24.6649,USD,anuefund_public
2024-04-10,24.6263,USD,anuefund_public
2024-04-11,24.8828,USD,anuefund_public
2024-04-12,24.6495,USD,anuefund_public
2024-04-15,24.0317,USD,anuefund_public
2024-04-16,24.0087,USD,anuefund_public
2024-04-17,23.9419,USD,anuefund_public
2024-04-18,23.9118,USD,anuefund_public
2024-04-19,22.7952,USD,anuefund_public
2024-04-22,22.476,USD,anuefund_public
2024-04-23,22.8966,USD,anuefund_public
2024-04-24,23.1456,USD,anuefund_public
2024-04-25,23.0885,USD,anuefund_public
2024-04-26,23.5768,USD,anuefund_public
2024-04-29,23.6622,USD,anuefund_public
2024-04-30,23.5051,USD,anuefund_public
2024-05-02,23.3478,USD,anuefund_public
2024-05-03,23.6894,USD,anuefund_public
2024-05-06,23.9468,USD,anuefund_public
2024-05-07,23.8483,USD,anuefund_public
2024-05-08,24.0611,USD,anuefund_public
2024-05-09,23.8802,USD,anuefund_public
2024-05-10,23.8554,USD,anuefund_public
2024-05-13,23.726,USD,anuefund_public
2024-05-14,24.1199,USD,anuefund_public
2024-05-15,24.5159,USD,anuefund_public
2024-05-16,24.3999,USD,anuefund_public
2024-05-17,24.3589,USD,anuefund_public
2024-05-20,24.4394,USD,anuefund_public
2024-05-21,24.4137,USD,anuefund_public
2024-05-22,24.5115,USD,anuefund_public
2024-05-23,24.7616,USD,anuefund_public
2024-05-24,25.1289,USD,anuefund_public
2024-05-28,25.6926,USD,anuefund_public
2024-05-29,25.516,USD,anuefund_public
2024-05-30,25.0445,USD,anuefund_public
2024-05-31,24.7143,USD,anuefund_public
2024-06-03,24.7802,USD,anuefund_public
2024-06-04,24.6875,USD,anuefund_public
2024-06-05,25.1827,USD,anuefund_public
2024-06-06,25.0482,USD,anuefund_public
2024-06-07,25.0719,USD,anuefund_public
2024-06-11,25.4187,USD,anuefund_public
2024-06-12,25.8436,USD,anuefund_public
2024-06-13,26.5299,USD,anuefund_public
2024-06-14,26.8118,USD,anuefund_public
2024-06-17,26.9834,USD,anuefund_public
2024-06-18,27.3063,USD,anuefund_public
2024-06-20,27.1294,USD,anuefund_public
2024-06-21,26.7925,USD,anuefund_public
2024-06-24,25.958,USD,anuefund_public
2024-06-25,26.321,USD,anuefund_public
2024-06-26,26.3541,USD,anuefund_public
2024-06-27,26.2937,USD,anuefund_public
2024-06-28,26.3695,USD,anuefund_public
2024-07-01,26.3747,USD,anuefund_public
2024-07-02,26.4045,USD,anuefund_public
2024-07-03,26.7832,USD,anuefund_public
2024-07-05,26.8847,USD,anuefund_public
2024-07-08,27.095,USD,anuefund_public
2024-07-09,27.2832,USD,anuefund_public
2024-07-10,27.4816,USD,anuefund_public
2024-07-11,27.1046,USD,anuefund_public
2024-07-12,26.8714,USD,anuefund_public
2024-07-15,26.9642,USD,anuefund_public
2024-07-16,26.7877,USD,anuefund_public
2024-07-17,25.7593,USD,anuefund_public
2024-07-18,25.6374,USD,anuefund_public
2024-07-19,25.3315,USD,anuefund_public
2024-07-22,25.2184,USD,anuefund_public
2024-07-23,25.5325,USD,anuefund_public
2024-07-26,24.2398,USD,anuefund_public
2024-07-29,23.9968,USD,anuefund_public
2024-07-30,23.6193,USD,anuefund_public
2024-07-31,24.463,USD,anuefund_public
2024-08-01,23.9405,USD,anuefund_public
2024-08-02,22.8987,USD,anuefund_public
2024-08-05,21.9099,USD,anuefund_public
2024-08-06,22.2778,USD,anuefund_public
2024-08-07,22.2933,USD,anuefund_public
2024-08-08,22.7201,USD,anuefund_public
2024-08-09,23.0013,USD,anuefund_public
2024-08-12,23.2479,USD,anuefund_public
2024-08-13,23.8641,USD,anuefund_public
2024-08-14,24.0902,USD,anuefund_public
2024-08-15,24.6563,USD,anuefund_public
2024-08-16,24.9376,USD,anuefund_public
2024-08-19,25.3112,USD,anuefund_public
2024-08-20,25.2286,USD,anuefund_public
2024-08-21,25.3141,USD,anuefund_public
2024-08-22,24.9372,USD,anuefund_public
2024-08-23,25.3658,USD,anuefund_public
2024-08-26,25.0019,USD,anuefund_public
2024-08-27,25.1718,USD,anuefund_public
2024-08-28,24.9263,USD,anuefund_public
2024-08-29,24.7409,USD,anuefund_public
2024-08-30,25.0769,USD,anuefund_public
2024-09-03,23.893,USD,anuefund_public
2024-09-04,23.3576,USD,anuefund_public
2024-09-05,23.3395,USD,anuefund_public
2024-09-06,22.8889,USD,anuefund_public
2024-09-09,23.0836,USD,anuefund_public
2024-09-10,23.1362,USD,anuefund_public
2024-09-11,23.7176,USD,anuefund_public
2024-09-12,24.2839,USD,anuefund_public
2024-09-13,24.4741,USD,anuefund_public
2024-09-16,24.3451,USD,anuefund_public
2024-09-18,24.0906,USD,anuefund_public
2024-09-19,24.8445,USD,anuefund_public
2024-09-20,24.7184,USD,anuefund_public
2024-09-23,24.7642,USD,anuefund_public
2024-09-24,24.9579,USD,anuefund_public
2024-09-25,25.2238,USD,anuefund_public
2024-09-26,25.5662,USD,anuefund_public
2024-09-27,25.3727,USD,anuefund_public
2024-09-30,25.1057,USD,anuefund_public
2024-10-01,24.8918,USD,anuefund_public
2024-10-04,25.4924,USD,anuefund_public
2024-10-07,25.6877,USD,anuefund_public
2024-10-08,25.8987,USD,anuefund_public
2024-10-09,26.0943,USD,anuefund_public
2024-10-11,26.2814,USD,anuefund_public
2024-10-14,26.5056,USD,anuefund_public
2024-10-15,26.0366,USD,anuefund_public
2024-10-16,25.9948,USD,anuefund_public
2024-10-17,26.2781,USD,anuefund_public
2024-10-18,26.3543,USD,anuefund_public
2024-10-21,26.6129,USD,anuefund_public
2024-10-22,26.6662,USD,anuefund_public
2024-10-23,26.4347,USD,anuefund_public
2024-10-24,26.2919,USD,anuefund_public
2024-10-25,26.4969,USD,anuefund_public
2024-10-28,26.2895,USD,anuefund_public
2024-10-29,26.437,USD,anuefund_public
2024-10-30,26.2538,USD,anuefund_public
2024-11-01,25.9168,USD,anuefund_public
2024-11-04,26.0001,USD,anuefund_public
2024-11-05,26.273,USD,anuefund_public
2024-11-06,26.8402,USD,anuefund_public
2024-11-07,27.2368,USD,anuefund_public
2024-11-08,27.2088,USD,anuefund_public
2024-11-11,26.9336,USD,anuefund_public
2024-11-12,26.5461,USD,anuefund_public
2024-11-13,26.2737,USD,anuefund_public
2024-11-14,26.198,USD,anuefund_public
2024-11-15,25.7236,USD,anuefund_public
2024-11-18,25.5378,USD,anuefund_public
2024-11-19,25.9823,USD,anuefund_public
2024-11-20,25.7883,USD,anuefund_public
2024-11-21,25.8682,USD,anuefund_public
2024-11-22,25.9478,USD,anuefund_public
2024-11-25,25.9109,USD,anuefund_public
2024-11-26,25.5403,USD,anuefund_public
2024-11-27,25.0947,USD,anuefund_public
2024-11-29,25.3864,USD,anuefund_public
2024-12-02,25.7052,USD,anuefund_public
2024-12-03,25.9256,USD,anuefund_public
2024-12-04,26.5592,USD,anuefund_public
2024-12-05,26.4851,USD,anuefund_public
2024-12-06,26.5998,USD,anuefund_public
2024-12-09,26.3228,USD,anuefund_public
2024-12-10,25.9638,USD,anuefund_public
2024-12-11,26.2571,USD,anuefund_public
2024-12-12,26.2232,USD,anuefund_public
2024-12-13,26.5662,USD,anuefund_public
2024-12-16,26.7338,USD,anuefund_public
2024-12-17,26.7304,USD,anuefund_public
2024-12-18,26.1757,USD,anuefund_public
2024-12-19,26.0813,USD,anuefund_public
2024-12-20,26.1009,USD,anuefund_public
2024-12-23,26.5628,USD,anuefund_public
2024-12-24,26.6042,USD,anuefund_public
2024-12-26,26.7933,USD,anuefund_public
2024-12-27,26.6439,USD,anuefund_public
2024-12-30,26.405,USD,anuefund_public
2024-12-31,26.2931,USD,anuefund_public
2025-01-02,26.2275,USD,anuefund_public
2025-01-03,26.4835,USD,anuefund_public
2025-01-06,27.026,USD,anuefund_public
2025-01-07,26.8853,USD,anuefund_public
2025-01-08,26.6763,USD,anuefund_public
2025-01-10,26.1108,USD,anuefund_public
2025-01-13,25.5264,USD,anuefund_public
2025-01-14,25.6572,USD,anuefund_public
2025-01-15,25.8283,USD,anuefund_public
2025-01-16,26.0679,USD,anuefund_public
2025-01-17,26.361,USD,anuefund_public
2025-01-21,26.9641,USD,anuefund_public
2025-01-22,27.4396,USD,anuefund_public
2025-01-23,27.45,USD,anuefund_public
2025-01-24,27.3558,USD,anuefund_public
2025-02-03,25.4842,USD,anuefund_public
2025-02-04,25.7867,USD,anuefund_public
2025-02-05,26.3567,USD,anuefund_public
2025-02-06,26.557,USD,anuefund_public
2025-02-07,26.7548,USD,anuefund_public
2025-02-10,26.8102,USD,anuefund_public
2025-02-11,26.8927,USD,anuefund_public
2025-02-12,26.7538,USD,anuefund_public
2025-02-13,27.0199,USD,anuefund_public
2025-02-14,27.0203,USD,anuefund_public
2025-02-18,27.2884,USD,anuefund_public
2025-02-19,27.1011,USD,anuefund_public
2025-02-20,26.905,USD,anuefund_public
2025-02-21,26.4916,USD,anuefund_public
2025-02-24,26.0295,USD,anuefund_public
2025-02-25,25.44,USD,anuefund_public
2025-02-26,25.8968,USD,anuefund_public
2025-02-27,25.0769,USD,anuefund_public
2025-03-03,24.4282,USD,anuefund_public
2025-03-04,24.3817,USD,anuefund_public
2025-03-05,24.593,USD,anuefund_public
2025-03-06,23.9997,USD,anuefund_public
2025-03-07,23.9863,USD,anuefund_public
2025-03-10,23.494,USD,anuefund_public
2025-03-11,23.4573,USD,anuefund_public
2025-03-12,23.6898,USD,anuefund_public
2025-03-13,23.5211,USD,anuefund_public
2025-03-14,23.8317,USD,anuefund_public
2025-03-17,23.8826,USD,anuefund_public
2025-03-18,23.8258,USD,anuefund_public
2025-03-19,23.7295,USD,anuefund_public
2025-03-20,23.796,USD,anuefund_public
2025-03-21,23.803,USD,anuefund_public
2025-03-24,23.9655,USD,anuefund_public
2025-03-25,24.0685,USD,anuefund_public
2025-03-26,23.6996,USD,anuefund_public
2025-03-27,23.3808,USD,anuefund_public
2025-03-28,22.9083,USD,anuefund_public
2025-03-31,22.338,USD,anuefund_public
2025-04-01,22.5947,USD,anuefund_public
2025-04-02,22.7308,USD,anuefund_public
2025-04-07,20.5535,USD,anuefund_public
2025-04-08,19.8326,USD,anuefund_public
2025-04-09,20.7714,USD,anuefund_public
2025-04-10,20.7389,USD,anuefund_public
2025-04-11,21.1052,USD,anuefund_public
2025-04-14,21.3969,USD,anuefund_public
2025-04-15,21.6472,USD,anuefund_public
2025-04-16,20.948,USD,anuefund_public
2025-04-17,20.8928,USD,anuefund_public
2025-04-21,20.3807,USD,anuefund_public
2025-04-22,20.5535,USD,anuefund_public
2025-04-23,21.2929,USD,anuefund_public
2025-04-24,21.8683,USD,anuefund_public
2025-04-25,22.2764,USD,anuefund_public
2025-04-28,22.3054,USD,anuefund_public
2025-04-29,22.5126,USD,anuefund_public
2025-04-30,22.5007,USD,anuefund_public
2025-05-02,23.6542,USD,anuefund_public
2025-05-05,23.7799,USD,anuefund_public
2025-05-06,23.5482,USD,anuefund_public
2025-05-07,23.6194,USD,anuefund_public
2025-05-08,23.9589,USD,anuefund_public
2025-05-09,23.981,USD,anuefund_public
2025-05-12,24.7326,USD,anuefund_public
2025-05-13,25.1591,USD,anuefund_public
2025-05-14,25.5718,USD,anuefund_public
2025-05-15,25.5549,USD,anuefund_public
2025-05-16,25.6152,USD,anuefund_public
2025-05-19,25.3132,USD,anuefund_public
2025-05-20,25.3357,USD,anuefund_public
2025-05-21,25.2602,USD,anuefund_public
2025-05-22,25.308,USD,anuefund_public
2025-05-23,25.0715,USD,anuefund_public
2025-05-27,25.3531,USD,anuefund_public
2025-05-28,25.3723,USD,anuefund_public
2025-05-29,25.4667,USD,anuefund_public
2025-06-02,25.4983,USD,anuefund_public
2025-06-03,25.8084,USD,anuefund_public
2025-06-04,25.9357,USD,anuefund_public
2025-06-05,25.8681,USD,anuefund_public
2025-06-06,25.9954,USD,anuefund_public
2025-06-09,26.1745,USD,anuefund_public
2025-06-10,26.3966,USD,anuefund_public
2025-06-11,26.5175,USD,anuefund_public
2025-06-12,26.6111,USD,anuefund_public
2025-06-13,26.4284,USD,anuefund_public
2025-06-16,26.9257,USD,anuefund_public
2025-06-17,26.7663,USD,anuefund_public
2025-06-18,26.7652,USD,anuefund_public
2025-06-20,26.3457,USD,anuefund_public
2025-06-23,26.4044,USD,anuefund_public
2025-06-24,27.107,USD,anuefund_public
2025-06-25,27.4006,USD,anuefund_public
2025-06-26,27.6688,USD,anuefund_public
2025-06-27,27.5833,USD,anuefund_public
2025-06-30,27.5214,USD,anuefund_public
2025-07-01,27.3277,USD,anuefund_public
2025-07-02,27.4491,USD,anuefund_public
2025-07-03,27.8519,USD,anuefund_public
2025-07-07,27.5757,USD,anuefund_public
2025-07-08,27.7477,USD,anuefund_public
2025-07-09,28.129,USD,anuefund_public
2025-07-10,28.1764,USD,anuefund_public
2025-07-11,28.1605,USD,anuefund_public
2025-07-14,28.0026,USD,anuefund_public
2025-07-15,28.3897,USD,anuefund_public
2025-07-16,28.504,USD,anuefund_public
2025-07-17,28.7047,USD,anuefund_public
2025-07-18,28.87,USD,anuefund_public
2025-07-21,28.7389,USD,anuefund_public
2025-07-22,28.2936,USD,anuefund_public
2025-07-23,28.6867,USD,anuefund_public
2025-07-24,29.0121,USD,anuefund_public
2025-07-25,29.0475,USD,anuefund_public
2025-07-28,29.396,USD,anuefund_public
2025-07-29,29.3227,USD,anuefund_public
2025-07-30,29.5324,USD,anuefund_public
2025-07-31,29.6765,USD,anuefund_public
2025-08-01,29.0895,USD,anuefund_public
2025-08-04,29.4976,USD,anuefund_public
2025-08-05,29.556,USD,anuefund_public
2025-08-06,30.2062,USD,anuefund_public
2025-08-07,30.7188,USD,anuefund_public
2025-08-08,31.0569,USD,anuefund_public
2025-08-11,31.02,USD,anuefund_public
2025-08-12,31.5856,USD,anuefund_public
2025-08-13,31.6523,USD,anuefund_public
2025-08-14,31.4798,USD,anuefund_public
2025-08-15,31.3323,USD,anuefund_public
2025-08-18,31.4286,USD,anuefund_public
2025-08-19,30.1834,USD,anuefund_public
2025-08-20,29.5558,USD,anuefund_public
2025-08-21,29.7728,USD,anuefund_public
2025-08-22,29.987,USD,anuefund_public
2025-08-25,30.2034,USD,anuefund_public
2025-08-26,30.4386,USD,anuefund_public
2025-08-27,30.4446,USD,anuefund_public
2025-08-28,30.7271,USD,anuefund_public
2025-08-29,30.3779,USD,anuefund_public
2025-09-02,29.7829,USD,anuefund_public
2025-09-03,29.8747,USD,anuefund_public
2025-09-04,30.1771,USD,anuefund_public
2025-09-05,30.6158,USD,anuefund_public
2025-09-08,31.0839,USD,anuefund_public
2025-09-09,31.522,USD,anuefund_public
2025-09-10,32.6517,USD,anuefund_public
2025-09-11,32.4603,USD,anuefund_public
2025-09-12,32.3642,USD,anuefund_public
2025-09-15,32.5327,USD,anuefund_public
2025-09-16,32.5379,USD,anuefund_public
2025-09-17,32.5366,USD,anuefund_public
2025-09-18,33.0531,USD,anuefund_public
2025-09-19,33.1611,USD,anuefund_public
2025-09-22,33.3782,USD,anuefund_public
2025-09-23,33.1169,USD,anuefund_public
2025-09-24,32.5917,USD,anuefund_public
2025-09-25,32.1218,USD,anuefund_public
2025-09-26,31.8967,USD,anuefund_public
2025-09-30,32.641,USD,anuefund_public
2025-10-01,33.0767,USD,anuefund_public
2025-10-02,33.5371,USD,anuefund_public
2025-10-03,33.3275,USD,anuefund_public
2025-10-07,33.4937,USD,anuefund_public
2025-10-08,34.3994,USD,anuefund_public
2025-10-09,34.772,USD,anuefund_public
2025-10-13,34.0408,USD,anuefund_public
2025-10-14,33.0374,USD,anuefund_public
2025-10-15,33.9968,USD,anuefund_public
2025-10-16,34.2364,USD,anuefund_public
2025-10-17,33.9587,USD,anuefund_public
2025-10-20,34.2925,USD,anuefund_public
2025-10-21,34.1989,USD,anuefund_public
2025-10-22,33.6444,USD,anuefund_public
2025-10-23,34.4926,USD,anuefund_public
2025-10-27,36.1084,USD,anuefund_public
2025-10-28,36.6872,USD,anuefund_public
2025-10-29,37.6458,USD,anuefund_public
2025-10-30,36.9356,USD,anuefund_public
2025-10-31,37.7178,USD,anuefund_public
2025-11-03,37.9457,USD,anuefund_public
2025-11-04,36.4222,USD,anuefund_public
2025-11-05,36.83,USD,anuefund_public
2025-11-06,35.8631,USD,anuefund_public
2025-11-07,35.7549,USD,anuefund_public
2025-11-10,36.9487,USD,anuefund_public
2025-11-11,36.1812,USD,anuefund_public
2025-11-12,36.2026,USD,anuefund_public
2025-11-13,34.821,USD,anuefund_public
2025-11-14,34.874,USD,anuefund_public
2025-11-17,35.0124,USD,anuefund_public
2025-11-18,34.2752,USD,anuefund_public
2025-11-19,34.5314,USD,anuefund_public
2025-11-20,33.3295,USD,anuefund_public
2025-11-21,33.0029,USD,anuefund_public
2025-11-24,34.53,USD,anuefund_public
2025-11-25,34.5116,USD,anuefund_public
2025-11-26,35.2481,USD,anuefund_public
2025-11-28,36.4612,USD,anuefund_public
2025-12-01,36.286,USD,anuefund_public
2025-12-02,36.0161,USD,anuefund_public
2025-12-03,36.0879,USD,anuefund_public
2025-12-04,36.3317,USD,anuefund_public
2025-12-05,36.8609,USD,anuefund_public
2025-12-08,37.1841,USD,anuefund_public
2025-12-09,37.078,USD,anuefund_public
2025-12-10,37.6884,USD,anuefund_public
2025-12-11,37.9471,USD,anuefund_public
2025-12-12,36.1511,USD,anuefund_public
2025-12-15,35.5843,USD,anuefund_public
2025-12-16,35.1782,USD,anuefund_public
2025-12-17,34.3635,USD,anuefund_public
2025-12-18,34.845,USD,anuefund_public
2025-12-19,36.1313,USD,anuefund_public
2025-12-22,36.8753,USD,anuefund_public
2025-12-23,37.0892,USD,anuefund_public
2025-12-24,37.4238,USD,anuefund_public
2025-12-26,37.3416,USD,anuefund_public
2025-12-29,37.269,USD,anuefund_public
2025-12-30,37.1032,USD,anuefund_public
2025-12-31,36.7797,USD,anuefund_public
2026-01-02,37.5477,USD,anuefund_public
2026-01-05,37.1496,USD,anuefund_public
2026-01-06,38.4518,USD,anuefund_public
2026-01-07,38.0941,USD,anuefund_public
2026-01-08,37.01,USD,anuefund_public
2026-01-09,37.8442,USD,anuefund_public
2026-01-12,38.331,USD,anuefund_public
2026-01-13,38.6045,USD,anuefund_public
2026-01-14,38.3223,USD,anuefund_public
2026-01-15,38.6161,USD,anuefund_public
2026-01-16,38.9364,USD,anuefund_public
2026-01-20,39.1142,USD,anuefund_public
2026-01-21,39.5605,USD,anuefund_public
2026-01-22,39.978,USD,anuefund_public
2026-01-23,39.9608,USD,anuefund_public
2026-01-26,40.0652,USD,anuefund_public
2026-01-27,41.1125,USD,anuefund_public
2026-01-28,42.2329,USD,anuefund_public
2026-01-29,41.6292,USD,anuefund_public
2026-01-30,41.0271,USD,anuefund_public
2026-02-02,41.9463,USD,anuefund_public
2026-02-03,43.1445,USD,anuefund_public
2026-02-04,41.2672,USD,anuefund_public
2026-02-05,40.5052,USD,anuefund_public
2026-02-06,41.7259,USD,anuefund_public
2026-02-09,42.905,USD,anuefund_public
2026-02-10,42.4993,USD,anuefund_public
2026-02-11,42.8082,USD,anuefund_public
2026-02-12,42.437,USD,anuefund_public
2026-02-13,42.4648,USD,anuefund_public
2026-02-23,43.3129,USD,anuefund_public
2026-02-24,43.6572,USD,anuefund_public
2026-02-25,44.5295,USD,anuefund_public
2026-02-26,44.1291,USD,anuefund_public
2026-03-02,43.682,USD,anuefund_public
2026-03-03,42.1866,USD,anuefund_public
2026-03-04,41.7341,USD,anuefund_public
2026-03-05,42.3603,USD,anuefund_public
2026-03-06,41.6523,USD,anuefund_public
2026-03-09,41.256,USD,anuefund_public
2026-03-10,42.3799,USD,anuefund_public
2026-03-11,43.4039,USD,anuefund_public
2026-03-12,42.9723,USD,anuefund_public
2026-03-13,42.7922,USD,anuefund_public
2026-03-16,43.6243,USD,anuefund_public
2026-03-17,44.3863,USD,anuefund_public
2026-03-18,45.2451,USD,anuefund_public
2026-03-19,45.3553,USD,anuefund_public
2026-03-20,44.4512,USD,anuefund_public
2026-03-23,43.7742,USD,anuefund_public
2026-03-24,43.1912,USD,anuefund_public
2026-03-25,44.3385,USD,anuefund_public
2026-03-26,43.0193,USD,anuefund_public
2026-03-27,42.9277,USD,anuefund_public
2026-03-30,41.5794,USD,anuefund_public
2026-03-31,41.5747,USD,anuefund_public
2026-04-01,43.6557,USD,anuefund_public
2026-04-02,43.6267,USD,anuefund_public
2026-04-07,45.0078,USD,anuefund_public
2026-04-08,47.9731,USD,anuefund_public
2026-04-09,48.4773,USD,anuefund_public
2026-04-10,49.8355,USD,anuefund_public
2026-04-13,50.433,USD,anuefund_public
2026-04-14,51.2174,USD,anuefund_public
2026-04-15,51.4123,USD,anuefund_public
2026-04-16,52.5519,USD,anuefund_public
2026-04-17,53.2594,USD,anuefund_public
2026-04-20,53.6974,USD,anuefund_public
2026-04-21,54.6429,USD,anuefund_public
2026-04-22,55.7119,USD,anuefund_public
2026-04-23,55.2819,USD,anuefund_public
2026-04-24,57.1837,USD,anuefund_public
2026-04-27,57.682,USD,anuefund_public
2026-04-28,56.7394,USD,anuefund_public
2026-04-29,57.2922,USD,anuefund_public
2026-04-30,58.7009,USD,anuefund_public
2026-05-04,60.626,USD,anuefund_public
2026-05-05,61.5348,USD,anuefund_public
2026-05-06,62.1485,USD,anuefund_public
2026-05-07,61.5121,USD,anuefund_public
2026-05-08,62.0203,USD,anuefund_public
2026-05-11,64.4173,USD,anuefund_public
2026-05-12,63.669,USD,anuefund_public
2026-05-13,64.5892,USD,anuefund_public
2026-05-14,64.5141,USD,anuefund_public
2026-05-15,61.6631,USD,anuefund_public
2026-05-18,60.3469,USD,anuefund_public
2026-05-19,59.3501,USD,anuefund_public
2026-05-20,59.9992,USD,anuefund_public
2026-05-21,62.4793,USD,anuefund_public
2026-05-22,63.7661,USD,anuefund_public
2026-05-26,67.2297,USD,anuefund_public
2026-05-27,66.9922,USD,anuefund_public
2026-05-28,66.1126,USD,anuefund_public
2026-05-29,66.9656,USD,anuefund_public
2026-06-01,68.1299,USD,anuefund_public
2026-06-02,68.8647,USD,anuefund_public
2026-06-03,70.1204,USD,anuefund_public
2026-06-04,68.8111,USD,anuefund_public
2026-06-05,64.1002,USD,anuefund_public
2026-06-08,65.1305,USD,anuefund_public
2026-06-09,64.718,USD,anuefund_public
2026-06-10,62.1738,USD,anuefund_public
2026-06-11,64.4384,USD,anuefund_public
2026-06-12,66.2332,USD,anuefund_public
2026-06-15,69.8244,USD,anuefund_public
2026-06-16,68.311,USD,anuefund_public
2026-06-17,68.6997,USD,anuefund_public
2026-06-18,71.0355,USD,anuefund_public
2026-06-22,72.6076,USD,anuefund_public
2026-06-23,68.2535,USD,anuefund_public
2026-06-24,67.5595,USD,anuefund_public
2026-06-25,69.8765,USD,anuefund_public
2026-06-26,65.9479,USD,anuefund_public
2026-06-29,67.1883,USD,anuefund_public
2026-06-30,69.8574,USD,anuefund_public
2026-07-01,67.6508,USD,anuefund_public
2026-07-02,64.9877,USD,anuefund_public
2026-07-06,64.3754,USD,anuefund_public
2026-07-07,60.6221,USD,anuefund_public
2026-07-08,61.2921,USD,anuefund_public
2026-07-09,63.3717,USD,anuefund_public
2026-07-13,60.9346,USD,anuefund_public
2026-07-14,61.0158,USD,anuefund_public
2026-07-15,60.2603,USD,anuefund_public
2026-07-16,57.6021,USD,anuefund_public
2026-07-17,55.1467,USD,anuefund_public
